iter	score	ok	ARI	NMI	PS	ASW	hidden	bottleneck	batch_size	lr	epochs	p_zero	p_nz	noise_max	loss_bio_weight	loss_nz_weight	weight_decay	activation	dropout	layer_norm	residual
0	3.9679	False	0.81422	0.8408999999999999	0.91206	0.5865	[64]	32	32	0.0001	300	0.01	0.3	0.2	2.0	1.0	0.0				
1	3.36834	False	0.63696	0.7249399999999999	0.8135	0.55598	[32]	64	64	0.0002	300	0.1	0.1	0.3	1.0	0.25	0.0001	leaky_relu	0.1	False	True
2	4.06446	False	0.8392	0.8788	0.93104	0.57622	[128, 128]	32	8	0.001	300	0.02	0.2	0.05	6.0	2.0	0.0001	gelu	0.2	False	False
3	4.18338	False	0.86958	0.8968	0.94314	0.6042799999999999	[128, 64]	16	8	0.0002	500	0.0	0.5	0.4	1.0	1.0	0.0	leaky_relu	0.1	True	False
4	3.90676	False	0.8412200000000001	0.8828199999999999	0.93064	0.41086	[256, 256]	32	128	0.0005	500	0.05	0.1	0.1	2.0	0.5	0.0	relu	0.0	False	True
5	3.9933199999999998	False	0.8561399999999999	0.89842	0.9387800000000001	0.44383999999999996	[256, 256]	64	16	0.001	300	0.01	0.5	0.1	0.5	0.5	0.001	silu	0.05	True	True
6	4.164720000000001	False	0.8501800000000002	0.88738	0.93178	0.6452	[128, 64]	16	16	0.0002	400	0.1	0.3	0.05	6.0	1.0	0.0001	silu	0.05	False	True
7	4.23114	False	0.89602	0.89558	0.92566	0.6178600000000001	[256]	128	128	0.0001	500	0.01	0.2	0.3	4.0	0.25	0.001	silu	0.2	True	True
8	3.9910399999999995	False	0.8503999999999999	0.8888199999999999	0.9333199999999999	0.46810000000000007	[128, 128]	64	64	0.0002	400	0.01	0.4	0.2	2.0	1.0	0.0001	silu	0.0	True	False
9	3.9742599999999997	False	0.8594800000000001	0.89072	0.9385999999999999	0.42598	[256]	64	64	0.0002	500	0.02	0.1	0.3	2.0	1.0	0.0001	relu	0.0	False	True
10	4.1003799999999995	False	0.8518799999999999	0.8897999999999999	0.9323	0.5745199999999999	[128]	64	8	0.0001	300	0.1	0.2	0.1	2.0	2.0	0.001	silu	0.0	False	False
11	4.138059999999999	False	0.8487399999999999	0.85298	0.9184599999999999	0.66914	[128, 128]	16	128	0.0001	300	0.05	0.1	0.2	2.0	2.0	0.001	relu	0.05	True	False
12	4.16732	False	0.8616399999999999	0.88986	0.9369	0.61728	[128, 128]	16	8	0.0001	200	0.0	0.1	0.3	4.0	1.0	1e-05	relu	0.0	False	True
13	4.1703	False	0.85362	0.88696	0.9336799999999998	0.6424199999999999	[256, 256]	8	32	0.0005	300	0.02	0.1	0.1	1.0	0.5	0.0001	relu	0.1	True	True
14	4.0297600000000005	False	0.7917799999999999	0.83582	0.8884000000000001	0.72198	[32]	16	8	0.0001	500	0.01	0.5	0.2	4.0	0.5	1e-05	leaky_relu	0.2	True	True
15	4.29078	False	0.91844	0.90632	0.9352600000000001	0.6123200000000001	[128]	64	64	0.0002	400	0.01	0.1	0.05	2.0	2.0	0.0	gelu	0.1	True	True
16	4.126379999999999	False	0.8667200000000002	0.89534	0.9415000000000001	0.5561	[128]	128	32	0.0002	200	0.02	0.5	0.05	4.0	0.5	0.0001	relu	0.05	True	True
17	3.98552	False	0.8748999999999999	0.9053599999999999	0.9457800000000001	0.38458000000000003	[64]	32	8	0.0005	400	0.0	0.4	0.2	4.0	0.25	0.0	gelu	0.0	True	True
18	3.8043799999999997	False	0.77726	0.8246399999999999	0.8805399999999999	0.54468	[64]	64	8	5e-05	400	0.05	0.1	0.1	6.0	2.0	0.0001	gelu	0.05	False	True
19	4.0601199999999995	False	0.8546400000000001	0.89116	0.9344000000000001	0.52528	[128]	8	8	0.001	300	0.02	0.3	0.3	0.5	0.25	1e-05	gelu	0.1	True	False
20	4.1792	False	0.8606400000000001	0.89374	0.9417200000000001	0.62246	[256, 256]	8	32	0.0002	300	0.1	0.2	0.4	1.0	1.0	0.0001	leaky_relu	0.05	True	False
21	3.81498	False	0.8410399999999999	0.87978	0.92712	0.32599999999999996	[256]	128	8	0.001	400	0.0	0.2	0.2	1.0	0.25	0.0001	relu	0.0	True	False
22	3.8546	False	0.8499000000000001	0.8849199999999999	0.93064	0.33924	[256, 128]	64	64	0.001	500	0.01	0.1	0.3	6.0	2.0	0.0	silu	0.0	True	True
23	4.076479999999999	False	0.84454	0.88612	0.92836	0.57292	[128, 64]	16	16	0.001	300	0.1	0.5	0.1	1.0	2.0	0.0001	gelu	0.1	False	True
24	2.95766	False	0.58662	0.692	0.79098	0.30144000000000004	[128]	128	128	5e-05	200	0.02	0.1	0.1	2.0	2.0	0.001	silu	0.2	True	True
25	3.87972	False	0.83156	0.87788	0.9212200000000001	0.4175	[128, 128]	128	16	0.001	200	0.02	0.3	0.1	0.5	2.0	1e-05	relu	0.05	True	True
26	3.2576	False	0.60516	0.6919	0.80288	0.5525	[32]	64	64	0.0001	300	0.0	0.5	0.4	1.0	0.25	0.0	silu	0.2	False	False
27	3.7075199999999997	False	0.68318	0.7907599999999999	0.86584	0.6845600000000001	[256, 128, 64]	8	16	0.0002	400	0.1	0.1	0.05	1.0	0.5	0.001	leaky_relu	0.05	False	False
28	3.86014	False	0.84016	0.8765799999999999	0.92522	0.37801999999999997	[128, 64]	32	8	0.001	200	0.0	0.2	0.1	0.5	0.25	0.0001	leaky_relu	0.0	True	True
29	4.426699999999999	True	0.92958	0.9169600000000001	0.94084	0.70974	[256, 256]	64	64	0.0002	300	0.0	0.5	0.4	0.5	1.0	0.0	relu	0.2	True	False
30	2.72786	False	0.45875999999999995	0.6058999999999999	0.73406	0.47038	[64]	32	128	5e-05	300	0.1	0.2	0.05	2.0	1.0	0.0001	gelu	0.2	False	False
31	3.63596	False	0.69718	0.7844200000000001	0.8481	0.60908	[256, 256]	128	32	5e-05	400	0.02	0.1	0.3	6.0	0.25	0.0001	silu	0.1	True	False
32	4.205080000000001	False	0.85788	0.8888200000000002	0.9374800000000001	0.6630199999999999	[256, 256]	8	32	5e-05	500	0.05	0.5	0.2	2.0	1.0	0.001	leaky_relu	0.0	False	False
33	4.142899999999999	False	0.8614	0.89008	0.93764	0.59238	[128]	128	16	0.0005	300	0.01	0.2	0.2	4.0	1.0	0.001	leaky_relu	0.2	False	False
34	4.0022199999999994	False	0.8596599999999999	0.89748	0.9364399999999999	0.44898	[256]	8	16	0.001	300	0.0	0.4	0.4	6.0	0.5	1e-05	relu	0.0	True	False
35	3.8512	False	0.84038	0.8844	0.9344999999999999	0.3515400000000001	[256, 256]	64	128	0.001	500	0.0	0.5	0.05	2.0	1.0	1e-05	silu	0.0	False	False
36	3.79714	False	0.8385200000000002	0.8811399999999999	0.9283199999999999	0.31063999999999997	[128]	128	8	0.001	500	0.02	0.1	0.05	1.0	1.0	0.0	gelu	0.0	False	False
37	4.39128	False	0.8829799999999999	0.89476	0.9094800000000001	0.8210799999999999	[256, 128, 64]	8	8	5e-05	500	0.0	0.3	0.2	2.0	1.0	0.001	gelu	0.2	True	True
38	4.000120000000001	False	0.86654	0.89444	0.94034	0.43226000000000003	[128, 64]	64	128	0.0005	500	0.02	0.1	0.2	0.5	2.0	0.0	silu	0.0	False	True
39	4.15896	False	0.8680999999999999	0.8964000000000001	0.9393800000000001	0.5869800000000001	[256, 256]	32	16	5e-05	200	0.01	0.5	0.2	6.0	0.25	0.0	leaky_relu	0.0	True	False
40	4.010260000000001	False	0.82922	0.88002	0.9291	0.5427000000000001	[256, 256]	64	8	0.001	500	0.1	0.5	0.1	6.0	0.5	0.001	relu	0.2	False	True
41	3.9806399999999997	False	0.7901400000000001	0.8254999999999999	0.8823000000000001	0.6925600000000001	[256, 128]	64	64	5e-05	500	0.02	0.2	0.2	6.0	2.0	0.001	gelu	0.2	True	True
42	3.9679200000000003	False	0.79052	0.82386	0.88292	0.6801	[256, 128]	16	16	5e-05	200	0.02	0.3	0.05	2.0	1.0	0.0	gelu	0.05	False	False
43	3.9502200000000003	False	0.7573400000000001	0.8104799999999999	0.85896	0.7661	[256, 128, 64]	16	32	0.0001	200	0.05	0.2	0.1	4.0	2.0	0.0001	leaky_relu	0.2	True	True
44	3.913640000000001	False	0.8399800000000001	0.8777799999999999	0.9315000000000001	0.4244	[128]	32	32	0.001	500	0.02	0.4	0.1	6.0	1.0	0.0001	leaky_relu	0.1	True	False
45	3.6943200000000003	False	0.7141200000000001	0.8104800000000001	0.88602	0.5695800000000001	[64]	64	8	0.0001	400	0.05	0.3	0.4	6.0	0.25	0.001	relu	0.1	True	True
46	3.9202000000000004	False	0.7583200000000001	0.84604	0.9036799999999999	0.65384	[256, 128, 64]	32	8	0.0002	500	0.05	0.1	0.4	6.0	0.25	0.001	gelu	0.1	True	True
47	3.8997599999999997	False	0.8406400000000002	0.88382	0.92502	0.40964	[256, 256]	64	128	0.001	200	0.01	0.4	0.2	0.5	0.25	0.0001	relu	0.0	True	False
48	4.235519999999999	False	0.86392	0.8946	0.94276	0.6703199999999999	[256, 128]	8	32	0.0002	300	0.05	0.3	0.3	4.0	2.0	0.001	relu	0.05	True	True
49	3.49428	False	0.67296	0.73814	0.83826	0.57196	[64]	128	128	5e-05	500	0.0	0.4	0.05	2.0	1.0	0.0001	gelu	0.2	False	False
50	3.9773599999999996	False	0.8643999999999998	0.8924	0.9401600000000002	0.41600000000000004	[256, 128, 64]	64	16	0.0005	500	0.1	0.4	0.3	1.0	2.0	1e-05	relu	0.05	True	False
51	4.16066	False	0.85212	0.89178	0.9319	0.63274	[256, 256]	8	8	0.001	400	0.02	0.4	0.1	0.5	1.0	0.0	relu	0.2	False	False
52	4.09752	False	0.8532400000000001	0.88338	0.92934	0.57832	[128, 128]	64	32	5e-05	300	0.05	0.5	0.05	4.0	2.0	0.001	gelu	0.0	True	True
53	3.76498	False	0.7327	0.7934	0.86006	0.64612	[128, 128]	64	8	5e-05	300	0.02	0.1	0.3	2.0	0.25	0.0	gelu	0.1	False	False
54	4.283900000000001	False	0.9310600000000001	0.91324	0.9546800000000001	0.55386	[128]	128	32	0.0001	300	0.0	0.2	0.2	6.0	1.0	0.001	relu	0.0	True	True
55	3.5809200000000003	False	0.6995399999999999	0.7727799999999999	0.84314	0.56592	[32]	128	64	0.0001	500	0.1	0.1	0.05	4.0	2.0	0.0	relu	0.0	False	True
56	4.291379999999999	False	0.91204	0.8978999999999999	0.9448000000000001	0.6246	[32]	64	128	0.001	200	0.01	0.2	0.2	0.5	2.0	0.001	leaky_relu	0.0	True	True
57	3.210000000000001	False	0.61884	0.7092799999999999	0.8052400000000001	0.45780000000000004	[128]	64	128	5e-05	200	0.0	0.1	0.05	6.0	1.0	0.001	leaky_relu	0.2	True	False
58	4.219239999999999	False	0.8713	0.8983599999999999	0.94352	0.63476	[128, 128]	16	8	0.0005	500	0.1	0.5	0.05	4.0	2.0	0.0001	leaky_relu	0.2	True	False
59	4.21544	False	0.86876	0.89632	0.9409399999999998	0.64066	[128, 64]	16	8	5e-05	400	0.02	0.3	0.3	2.0	1.0	0.0	leaky_relu	0.05	True	True
60	4.0780400000000006	False	0.84626	0.8815999999999999	0.92954	0.5743799999999999	[256, 128, 64]	8	8	5e-05	300	0.0	0.4	0.2	6.0	1.0	0.0001	relu	0.0	True	True
61	4.13966	False	0.84392	0.8792200000000001	0.9299	0.6426999999999999	[32]	8	16	0.001	300	0.05	0.3	0.05	1.0	0.25	0.001	silu	0.05	False	True
62	4.313899999999999	False	0.8933200000000001	0.8916599999999999	0.91944	0.71616	[128, 64]	32	64	0.0001	400	0.1	0.3	0.2	0.5	0.25	0.001	relu	0.05	True	True
63	4.22468	False	0.8609000000000002	0.8913400000000001	0.9405800000000001	0.67096	[128, 64]	64	16	0.0005	300	0.1	0.1	0.05	2.0	1.0	0.0001	gelu	0.2	True	False
64	3.9452799999999995	False	0.8436199999999999	0.87782	0.9274799999999999	0.45274000000000003	[64]	128	8	0.001	300	0.0	0.2	0.3	2.0	2.0	0.0001	gelu	0.1	False	False
65	3.77956	False	0.7459800000000001	0.8037000000000001	0.8836600000000001	0.60024	[64]	32	128	0.0001	500	0.02	0.4	0.1	6.0	0.25	1e-05	gelu	0.05	True	False
66	4.1975999999999996	False	0.85524	0.8886	0.9319199999999999	0.6666	[128]	8	32	0.0001	400	0.02	0.4	0.2	4.0	1.0	0.0001	relu	0.05	True	True
67	3.992060000000001	False	0.826	0.8781599999999999	0.9311999999999999	0.5307000000000001	[256]	32	8	0.0002	400	0.05	0.3	0.1	6.0	1.0	0.001	relu	0.1	False	False
68	3.91432	False	0.8483599999999999	0.87948	0.9281600000000001	0.40996000000000005	[256, 256]	128	32	0.0005	400	0.01	0.4	0.1	1.0	1.0	0.001	gelu	0.05	True	False
69	4.20844	False	0.8684799999999999	0.8800399999999999	0.9189399999999999	0.6725	[32]	8	128	0.001	500	0.0	0.1	0.1	2.0	0.5	1e-05	silu	0.1	True	False
70	4.11826	False	0.85632	0.8965799999999999	0.9374800000000001	0.57156	[256, 128, 64]	128	8	0.0002	500	0.05	0.5	0.2	1.0	1.0	0.0	silu	0.1	False	False
71	4.0979399999999995	False	0.8356199999999999	0.8810400000000002	0.9328	0.6128600000000001	[128, 64]	16	32	0.001	200	0.1	0.3	0.3	2.0	0.5	0.001	relu	0.0	False	True
72	4.266260000000001	False	0.9116399999999999	0.9003399999999999	0.93172	0.61092	[256]	128	64	0.0001	200	0.05	0.2	0.3	2.0	0.5	0.0	relu	0.0	True	True
73	4.1751000000000005	False	0.85032	0.86814	0.9210199999999998	0.6853	[256, 256]	128	128	0.0002	200	0.1	0.5	0.4	4.0	0.25	0.0001	gelu	0.2	True	False
74	2.6909	False	0.42935999999999996	0.5783799999999999	0.71086	0.54294	[32]	128	64	5e-05	300	0.02	0.3	0.4	0.5	0.5	0.0	silu	0.2	False	False
75	4.20146	False	0.87522	0.9072000000000001	0.94708	0.5967399999999999	[256, 128]	16	8	0.0001	200	0.02	0.5	0.2	4.0	0.5	0.0	silu	0.05	True	True
76	4.02754	False	0.8601599999999999	0.8894400000000001	0.93732	0.48046000000000005	[128, 128]	128	64	0.0002	400	0.02	0.4	0.3	4.0	1.0	0.0	relu	0.05	False	True
77	4.16248	False	0.86506	0.8941399999999999	0.9403600000000001	0.5978600000000001	[128, 128]	16	128	0.001	300	0.02	0.3	0.3	4.0	2.0	1e-05	relu	0.05	False	False
78	4.214499999999999	False	0.87056	0.86442	0.90732	0.70164	[256, 128]	8	128	0.0001	300	0.02	0.3	0.4	2.0	1.0	0.0	silu	0.05	False	True
79	4.0566	False	0.8237400000000001	0.8468199999999999	0.8940400000000001	0.6682599999999999	[256, 128]	64	16	5e-05	200	0.01	0.2	0.05	1.0	0.25	0.0001	leaky_relu	0.1	True	False
80	4.20688	False	0.86462	0.87686	0.9097800000000001	0.6910000000000001	[128]	8	32	0.0002	200	0.02	0.2	0.05	4.0	1.0	0.0001	relu	0.2	False	True
81	4.1394	False	0.8599600000000001	0.8906600000000001	0.9401200000000001	0.5887	[128, 128]	32	128	0.0005	400	0.1	0.3	0.3	1.0	2.0	0.0001	leaky_relu	0.05	False	False
82	4.1660200000000005	False	0.8507199999999999	0.88066	0.93356	0.65036	[64]	32	64	0.001	300	0.05	0.3	0.4	4.0	0.5	0.001	silu	0.2	True	False
83	4.25174	False	0.8866999999999999	0.8967200000000002	0.92872	0.6529	[128, 128]	64	128	0.0005	400	0.01	0.1	0.05	1.0	0.25	0.0001	leaky_relu	0.2	True	True
84	4.09188	False	0.86984	0.8994199999999999	0.9433600000000002	0.50942	[256, 256]	128	32	0.0001	500	0.01	0.3	0.05	4.0	1.0	0.0	silu	0.1	False	True
85	3.90022	False	0.8448599999999999	0.8759600000000001	0.93108	0.40345999999999993	[128]	128	32	0.001	200	0.0	0.1	0.1	6.0	0.25	1e-05	silu	0.2	False	True
86	4.09488	False	0.85396	0.88638	0.9367000000000001	0.5638799999999999	[256, 128, 64]	64	64	5e-05	500	0.05	0.4	0.1	6.0	0.5	0.0	leaky_relu	0.0	True	True
87	4.06912	False	0.8493600000000001	0.8843800000000002	0.9324999999999999	0.55352	[128]	128	32	5e-05	500	0.02	0.2	0.3	2.0	0.25	0.001	gelu	0.1	False	True
88	4.16298	False	0.8485800000000001	0.88738	0.9353199999999999	0.64312	[256, 128, 64]	16	16	0.0002	500	0.02	0.2	0.3	6.0	2.0	1e-05	relu	0.1	True	False
89	3.9202800000000004	False	0.8281000000000001	0.8789200000000001	0.9333400000000001	0.45182	[64]	16	32	0.001	500	0.0	0.4	0.05	4.0	0.5	1e-05	relu	0.05	False	True
90	4.070480000000001	False	0.85354	0.8905	0.9362	0.5367	[256, 256]	64	16	0.0005	300	0.02	0.1	0.05	2.0	0.25	0.001	leaky_relu	0.1	False	True
91	4.17094	False	0.8590199999999999	0.88752	0.93326	0.63212	[32]	16	32	0.001	200	0.02	0.2	0.05	0.5	0.5	0.0	silu	0.05	True	True
92	4.218979999999999	False	0.8633200000000001	0.8779000000000001	0.9133999999999999	0.70104	[32]	16	32	0.001	400	0.1	0.2	0.2	2.0	2.0	0.001	leaky_relu	0.2	False	True
93	4.0916	False	0.83736	0.8887	0.9372199999999999	0.59096	[256, 256]	16	16	0.001	300	0.01	0.3	0.1	6.0	2.0	1e-05	relu	0.2	False	False
94	3.7613399999999997	False	0.72344	0.7915	0.8516400000000001	0.67132	[256, 128]	64	64	5e-05	300	0.1	0.2	0.1	1.0	0.25	0.0	gelu	0.2	True	False
95	4.1759	False	0.84762	0.8827200000000002	0.9335600000000002	0.6643800000000001	[32]	32	16	0.0005	400	0.05	0.4	0.2	6.0	0.5	0.001	leaky_relu	0.1	False	False
96	4.10952	False	0.8480599999999999	0.86358	0.9048999999999999	0.6449199999999999	[128, 128]	64	128	0.0001	500	0.02	0.1	0.05	2.0	0.5	0.0	gelu	0.1	True	True
97	4.29916	False	0.91252	0.9034599999999999	0.95304	0.61762	[128, 128]	32	128	0.0002	200	0.0	0.5	0.4	4.0	0.25	1e-05	silu	0.0	True	True
98	3.84322	False	0.77092	0.81594	0.8907999999999999	0.59464	[32]	128	32	0.0001	400	0.05	0.2	0.05	0.5	2.0	0.0	relu	0.05	False	False
99	3.8278200000000004	False	0.80698	0.8688600000000001	0.9173600000000001	0.4276400000000001	[256, 256]	64	32	0.0001	500	0.01	0.3	0.1	1.0	0.5	0.0	silu	0.05	True	False
100	3.9002399999999993	False	0.75072	0.80604	0.86894	0.7238199999999999	[128, 128]	8	8	5e-05	400	0.01	0.3	0.05	1.0	0.5	1e-05	relu	0.2	True	True
101	4.23594	False	0.8685599999999999	0.8938600000000001	0.94152	0.66344	[128, 64]	16	16	0.0001	400	0.01	0.5	0.2	6.0	1.0	1e-05	silu	0.1	True	False
102	3.8950599999999995	False	0.8597199999999999	0.8950400000000001	0.9352199999999999	0.34536	[256, 256]	32	8	0.0002	300	0.1	0.4	0.05	0.5	1.0	0.0	gelu	0.0	True	True
103	2.66214	False	0.44054000000000004	0.57418	0.7047800000000001	0.5021	[32]	8	128	5e-05	500	0.0	0.1	0.05	4.0	1.0	1e-05	silu	0.0	False	False
104	3.7808	False	0.72676	0.79524	0.86464	0.6674	[256, 128]	64	128	0.0002	200	0.01	0.5	0.2	4.0	0.5	0.0	leaky_relu	0.2	False	True
105	3.9526200000000005	False	0.85642	0.88616	0.93728	0.41634000000000004	[128]	16	16	0.001	400	0.02	0.5	0.3	6.0	2.0	0.0	gelu	0.1	False	False
106	4.089919999999999	False	0.8484	0.8694200000000001	0.9079	0.6158	[128]	32	64	5e-05	400	0.01	0.2	0.2	2.0	1.0	1e-05	leaky_relu	0.0	False	False
107	4.0017000000000005	False	0.7628199999999999	0.8189599999999999	0.8456400000000001	0.81146	[256, 128, 64]	16	16	5e-05	400	0.0	0.4	0.3	6.0	1.0	1e-05	relu	0.2	True	False
108	3.6370599999999995	False	0.693	0.7687200000000001	0.83088	0.6514599999999999	[256, 256]	8	32	0.0001	200	0.05	0.1	0.3	4.0	0.25	0.0	leaky_relu	0.1	True	True
109	3.68634	False	0.7277800000000001	0.7837400000000001	0.86188	0.5851599999999999	[128]	8	128	5e-05	400	0.1	0.3	0.2	1.0	0.25	0.0001	leaky_relu	0.0	False	False
110	2.6551	False	0.43956	0.526	0.6652199999999999	0.58476	[128, 64]	8	64	5e-05	300	0.05	0.1	0.2	2.0	0.25	1e-05	gelu	0.1	False	True
111	4.11826	False	0.8448399999999999	0.8808	0.92724	0.6205399999999999	[64]	8	8	0.0002	200	0.01	0.5	0.4	6.0	0.5	0.0001	relu	0.0	False	True
112	4.0725	False	0.8556000000000001	0.89076	0.93822	0.5323200000000001	[256]	64	64	0.0002	400	0.05	0.3	0.1	4.0	1.0	0.001	silu	0.05	False	True
113	4.28822	False	0.8952399999999999	0.89082	0.944	0.6629200000000001	[256, 256]	8	8	0.0005	300	0.02	0.3	0.2	6.0	0.25	0.001	leaky_relu	0.1	True	False
114	3.9705800000000004	False	0.7595599999999999	0.8336399999999999	0.89754	0.7202799999999999	[256, 128, 64]	32	8	0.0001	500	0.01	0.1	0.3	0.5	2.0	0.001	leaky_relu	0.2	True	False
115	4.003580000000001	False	0.8516600000000001	0.88548	0.9309	0.48388	[256]	32	128	0.0005	400	0.1	0.4	0.1	2.0	1.0	0.0	relu	0.1	False	True
116	4.083060000000001	False	0.8512000000000001	0.88536	0.9317399999999999	0.56356	[128, 128]	128	32	0.0002	200	0.05	0.5	0.3	6.0	2.0	0.001	relu	0.0	True	False
117	4.31666	False	0.91354	0.9005599999999999	0.9429599999999999	0.6460600000000001	[256]	64	32	5e-05	200	0.1	0.5	0.1	6.0	1.0	0.001	leaky_relu	0.1	True	True
118	4.1795	False	0.86046	0.8893400000000001	0.9377799999999998	0.63146	[128]	16	64	0.0002	400	0.01	0.3	0.05	4.0	1.0	0.001	relu	0.05	True	False
119	3.9825799999999996	False	0.8541399999999999	0.89054	0.9335799999999999	0.4501799999999999	[256]	16	16	0.0001	500	0.0	0.2	0.05	1.0	1.0	0.0	gelu	0.0	False	True
120	3.9367399999999995	False	0.8235199999999999	0.8780800000000001	0.93076	0.48085999999999995	[128]	8	8	0.0002	500	0.02	0.5	0.1	1.0	0.5	0.0	leaky_relu	0.0	True	True
121	2.94168	False	0.56528	0.6744	0.7807000000000001	0.35602	[32]	32	32	0.0001	200	0.0	0.1	0.2	0.5	2.0	0.0	relu	0.1	True	True
122	3.41272	False	0.6525799999999999	0.72066	0.81204	0.57486	[32]	16	16	5e-05	300	0.01	0.4	0.1	6.0	2.0	0.001	silu	0.2	False	True
123	3.9545000000000003	False	0.7943199999999999	0.83446	0.8851600000000002	0.64624	[256]	128	32	5e-05	300	0.0	0.5	0.1	1.0	1.0	1e-05	silu	0.2	False	True
124	4.2812	False	0.89344	0.88272	0.91668	0.6949200000000001	[256, 128]	32	32	0.0002	200	0.0	0.2	0.2	0.5	0.25	0.001	gelu	0.1	False	True
125	3.7835	False	0.7394400000000001	0.77768	0.8528600000000001	0.67408	[256, 128, 64]	16	128	0.0001	500	0.02	0.1	0.3	0.5	2.0	0.0	silu	0.1	False	False
126	4.296940000000001	False	0.8949	0.8869400000000001	0.93054	0.6896599999999999	[64]	16	128	0.0005	200	0.01	0.2	0.05	6.0	1.0	0.0	relu	0.05	True	False
127	4.11542	False	0.8268799999999998	0.85832	0.8972000000000001	0.70614	[64]	16	128	0.0005	200	0.1	0.3	0.4	4.0	0.5	0.0001	relu	0.1	True	False
128	4.15996	False	0.86462	0.8946799999999999	0.9408199999999999	0.5952200000000001	[128]	16	8	5e-05	500	0.0	0.5	0.05	4.0	0.5	0.0001	gelu	0.05	True	True
129	4.31348	False	0.9148799999999999	0.9021399999999999	0.93292	0.6486600000000001	[256]	32	128	0.0002	300	0.0	0.2	0.05	0.5	2.0	0.0	gelu	0.2	False	False
130	4.17736	False	0.8547400000000002	0.8884399999999999	0.9331999999999999	0.6462399999999999	[64]	16	32	0.001	200	0.0	0.2	0.4	0.5	0.5	0.0	silu	0.2	True	False
131	3.8185200000000004	False	0.81326	0.87164	0.9232199999999999	0.39714	[256, 256]	64	8	0.0002	500	0.02	0.3	0.2	4.0	0.25	0.001	leaky_relu	0.0	False	True
132	4.13786	False	0.8677199999999999	0.8991000000000001	0.94414	0.55918	[256, 128, 64]	16	32	0.001	200	0.1	0.5	0.3	1.0	1.0	0.0	leaky_relu	0.05	True	True
133	3.9541000000000004	False	0.8667999999999999	0.8965800000000002	0.9407399999999999	0.38317999999999997	[256, 128]	64	8	0.0005	400	0.05	0.5	0.1	1.0	2.0	0.0001	gelu	0.05	False	True
134	3.02712	False	0.5856399999999999	0.68646	0.8021	0.36728000000000005	[32]	32	128	0.0001	300	0.1	0.1	0.1	2.0	2.0	0.0	gelu	0.0	False	True
135	4.09662	False	0.86704	0.8965799999999999	0.94146	0.5245	[128, 64]	16	8	0.001	400	0.01	0.3	0.3	4.0	0.5	1e-05	relu	0.1	False	False
136	4.16866	False	0.8650399999999999	0.87392	0.9272199999999999	0.63744	[128, 64]	64	128	0.0002	300	0.02	0.1	0.05	4.0	2.0	0.001	relu	0.0	False	False
137	3.89142	False	0.8406	0.88232	0.92986	0.39804	[128]	128	64	0.0005	300	0.1	0.3	0.2	4.0	1.0	0.0	gelu	0.05	False	True
138	4.31156	False	0.90084	0.89238	0.9245599999999999	0.69294	[256]	64	64	0.0001	300	0.1	0.3	0.05	4.0	1.0	0.0001	relu	0.2	True	False
139	3.9218199999999994	False	0.7864600000000002	0.8246800000000001	0.8824	0.6418200000000001	[64]	64	32	0.0001	400	0.02	0.3	0.2	1.0	0.25	0.001	silu	0.05	False	False
140	3.8729	False	0.77894	0.80266	0.8752600000000001	0.6371	[256, 128]	64	64	0.0001	200	0.1	0.2	0.4	0.5	0.25	0.001	leaky_relu	0.2	False	False
141	4.21362	False	0.87158	0.9031199999999998	0.9447599999999999	0.62258	[256, 256]	64	8	5e-05	500	0.01	0.4	0.05	1.0	0.5	1e-05	relu	0.2	False	True
142	4.1897400000000005	False	0.8667400000000001	0.9004	0.9431999999999998	0.6126600000000001	[64]	128	32	0.0002	400	0.05	0.5	0.2	4.0	1.0	1e-05	gelu	0.1	True	False
143	3.9526600000000003	False	0.79888	0.8051400000000001	0.8849199999999999	0.6648400000000001	[256, 128, 64]	128	32	0.0001	300	0.05	0.3	0.05	2.0	0.5	0.0001	leaky_relu	0.2	False	False
144	4.08366	False	0.86524	0.89524	0.94156	0.5163800000000001	[256]	8	128	0.001	500	0.01	0.2	0.4	2.0	1.0	1e-05	gelu	0.1	False	False
145	4.0847	False	0.8182600000000001	0.8834800000000002	0.9289200000000001	0.6357799999999999	[128, 128]	16	32	0.001	500	0.1	0.2	0.4	6.0	2.0	0.0	relu	0.2	False	False
146	4.06058	False	0.84016	0.87812	0.92872	0.57342	[256, 128, 64]	8	32	0.0005	300	0.05	0.2	0.3	4.0	1.0	1e-05	gelu	0.05	True	True
147	3.9852399999999997	False	0.8387399999999999	0.8813599999999999	0.92736	0.49904000000000004	[256]	32	16	0.0001	400	0.1	0.2	0.4	2.0	0.25	1e-05	silu	0.0	True	False
148	3.0463999999999998	False	0.50436	0.63464	0.7336600000000001	0.66938	[128, 128]	8	128	0.0001	200	0.05	0.4	0.3	0.5	0.25	1e-05	gelu	0.2	True	False
149	4.23534	False	0.8678000000000001	0.89582	0.9424800000000001	0.66144	[256, 256]	8	8	0.0002	300	0.05	0.5	0.4	1.0	2.0	0.0001	silu	0.2	True	True
150	4.008100000000001	False	0.85038	0.8891	0.9339999999999999	0.48424000000000006	[128, 128]	16	16	0.0002	500	0.01	0.4	0.2	0.5	1.0	0.001	relu	0.0	True	False
151	4.1631800000000005	False	0.8720799999999999	0.8990400000000001	0.94156	0.57842	[128, 64]	32	16	0.0002	300	0.05	0.4	0.3	0.5	2.0	0.0	leaky_relu	0.0	False	False
152	3.31576	False	0.6312	0.73004	0.8210000000000001	0.5023199999999999	[32]	64	64	5e-05	500	0.01	0.2	0.1	2.0	0.25	1e-05	silu	0.0	True	True
153	3.90954	False	0.84382	0.88066	0.93078	0.41045999999999994	[256, 128, 64]	16	16	0.0005	400	0.1	0.5	0.4	6.0	0.5	1e-05	gelu	0.0	False	True
154	4.096080000000001	False	0.84108	0.88416	0.92696	0.6028	[128, 128]	8	32	0.0001	500	0.01	0.1	0.2	6.0	2.0	0.0	gelu	0.0	True	True
155	3.7655000000000003	False	0.7430800000000001	0.79294	0.8627	0.6237	[128]	8	32	5e-05	200	0.0	0.1	0.2	6.0	2.0	0.0	silu	0.05	False	True
156	3.96646	False	0.7716799999999999	0.8222400000000001	0.8716200000000001	0.7292400000000001	[128, 128]	16	8	5e-05	200	0.0	0.5	0.1	6.0	1.0	0.0001	gelu	0.2	True	False
157	3.9738599999999997	False	0.83966	0.88354	0.9328200000000001	0.47818000000000005	[256]	16	32	0.0005	400	0.01	0.2	0.3	1.0	1.0	0.0001	leaky_relu	0.1	True	False
158	3.9043800000000006	False	0.85716	0.8947800000000001	0.9355600000000001	0.35972000000000004	[256]	32	16	0.0005	200	0.05	0.4	0.4	0.5	2.0	0.0	gelu	0.0	True	False
159	4.02586	False	0.80134	0.8383600000000001	0.8906600000000001	0.69416	[32]	128	8	0.0001	400	0.1	0.5	0.05	6.0	1.0	0.0	gelu	0.2	True	False
160	3.9501399999999998	False	0.85362	0.88444	0.93536	0.4231	[128, 128]	128	128	0.001	500	0.02	0.1	0.3	1.0	0.5	0.0001	leaky_relu	0.05	True	True
161	2.79344	False	0.46782	0.60816	0.7224600000000001	0.52718	[32]	32	64	0.0002	300	0.1	0.2	0.3	2.0	0.25	0.0001	silu	0.2	False	False
162	3.7441400000000002	False	0.7122599999999999	0.8112999999999999	0.88536	0.62296	[128, 64]	64	16	0.0001	300	0.01	0.4	0.05	6.0	0.5	0.0001	silu	0.05	False	False
163	4.15502	False	0.86418	0.8927200000000001	0.9379199999999999	0.59602	[64]	32	8	0.0001	300	0.02	0.4	0.3	6.0	0.25	1e-05	silu	0.0	True	True
164	4.19942	False	0.8704600000000001	0.8960800000000001	0.9411799999999999	0.62124	[256, 256]	64	64	0.0005	200	0.1	0.5	0.05	2.0	2.0	1e-05	leaky_relu	0.2	True	False
165	3.9724200000000005	False	0.81986	0.86858	0.9246000000000001	0.53952	[256]	16	32	0.0002	300	0.0	0.2	0.3	0.5	0.25	0.001	silu	0.05	True	False
166	4.14842	False	0.86176	0.8953	0.9406399999999999	0.5889599999999999	[256]	32	8	5e-05	200	0.05	0.5	0.05	1.0	0.5	1e-05	silu	0.0	False	False
167	4.148160000000001	False	0.8637799999999999	0.89484	0.9389199999999999	0.5868399999999999	[256]	16	128	0.0005	300	0.01	0.5	0.4	0.5	2.0	0.0001	silu	0.2	True	False
168	3.9864400000000004	False	0.79268	0.8273400000000001	0.90086	0.6728799999999999	[64]	32	64	0.0002	200	0.0	0.5	0.4	4.0	0.25	0.001	relu	0.1	True	True
169	4.19134	False	0.84088	0.87568	0.9254999999999999	0.7083999999999999	[256]	8	16	0.0002	200	0.01	0.3	0.4	0.5	1.0	0.001	leaky_relu	0.2	True	True
170	4.10722	False	0.84548	0.8875400000000001	0.9335799999999999	0.59514	[256, 256]	16	32	0.0002	300	0.01	0.5	0.4	1.0	2.0	1e-05	leaky_relu	0.1	True	False
171	4.22226	False	0.87004	0.89828	0.9425399999999999	0.64136	[256, 128]	16	16	5e-05	500	0.0	0.4	0.4	0.5	1.0	0.0001	gelu	0.1	True	False
172	3.98254	False	0.83522	0.88256	0.9339600000000001	0.4955799999999999	[256]	128	64	0.0001	500	0.1	0.5	0.3	1.0	2.0	1e-05	gelu	0.05	False	True
173	3.91444	False	0.8396000000000001	0.88232	0.9248200000000001	0.4281	[256]	32	16	0.0005	300	0.02	0.2	0.1	6.0	0.5	0.0	gelu	0.1	True	False
174	4.10352	False	0.8550599999999999	0.88796	0.9377400000000001	0.5677	[64]	32	64	0.001	300	0.1	0.2	0.3	2.0	2.0	0.001	relu	0.05	False	True
175	3.9772000000000007	False	0.8555400000000001	0.89144	0.9333199999999999	0.44136	[256, 256]	128	8	0.0002	200	0.05	0.5	0.05	4.0	2.0	0.001	gelu	0.0	False	True
176	3.6478200000000003	False	0.7694799999999999	0.8444200000000001	0.9053599999999999	0.35908	[256, 128]	128	8	0.0005	200	0.1	0.4	0.4	2.0	0.25	0.0	gelu	0.1	True	True
177	4.2032	False	0.8592000000000001	0.88744	0.93536	0.6620000000000001	[128]	32	16	0.0002	300	0.0	0.3	0.3	6.0	0.5	0.001	leaky_relu	0.2	True	True
178	4.26068	False	0.8667400000000001	0.8932	0.93908	0.69492	[256, 128]	8	16	0.0005	200	0.02	0.4	0.05	2.0	0.25	0.0001	silu	0.2	True	True
179	4.20796	False	0.90158	0.8966999999999998	0.92466	0.58344	[128, 128]	128	128	5e-05	500	0.02	0.5	0.4	2.0	0.5	0.0	silu	0.05	False	True
180	3.9563999999999995	False	0.84324	0.8814399999999999	0.92674	0.46174	[128, 64]	16	32	0.0005	500	0.05	0.4	0.4	2.0	2.0	1e-05	silu	0.05	True	False
181	4.07508	False	0.8614599999999999	0.8947799999999999	0.9358600000000001	0.52152	[128, 128]	64	16	0.001	200	0.01	0.4	0.1	4.0	2.0	0.0	silu	0.2	False	True
182	4.13926	False	0.8546000000000001	0.8702	0.9092399999999999	0.65062	[128, 64]	32	64	0.0002	200	0.05	0.4	0.05	1.0	2.0	0.0001	silu	0.0	False	False
183	3.9938000000000002	False	0.79252	0.8247800000000002	0.8977	0.68628	[256, 256]	32	128	0.0001	300	0.0	0.3	0.05	2.0	0.5	0.0	silu	0.1	False	False
184	4.1193800000000005	False	0.85158	0.88314	0.9324	0.6006800000000001	[256]	16	128	0.0002	500	0.01	0.1	0.2	4.0	2.0	0.001	leaky_relu	0.1	True	False
185	4.0614799999999995	False	0.8504000000000002	0.8487600000000001	0.9032399999999999	0.6086799999999999	[64]	32	16	5e-05	200	0.02	0.2	0.4	2.0	2.0	0.0001	silu	0.0	False	True
186	4.20788	False	0.8835000000000001	0.8810800000000001	0.9324	0.6274	[128]	32	128	0.0001	200	0.01	0.5	0.3	6.0	2.0	0.0	gelu	0.0	True	True
187	4.36306	False	0.8881600000000001	0.8914799999999999	0.92208	0.7731800000000001	[256, 256]	8	64	0.0002	200	0.1	0.5	0.2	4.0	0.5	0.001	gelu	0.2	True	False
188	4.166259999999999	False	0.83636	0.8845599999999999	0.92688	0.6821	[256, 256]	16	16	0.0005	200	0.02	0.2	0.05	6.0	0.25	0.0	relu	0.2	True	True
189	3.866180000000001	False	0.75198	0.84404	0.9018599999999999	0.6163200000000001	[128, 64]	128	8	0.001	400	0.1	0.2	0.4	4.0	0.25	0.001	leaky_relu	0.05	False	False
190	4.22988	False	0.87752	0.88992	0.9202600000000001	0.66466	[128, 64]	128	128	0.0001	500	0.02	0.4	0.3	2.0	0.5	1e-05	leaky_relu	0.05	True	False
191	4.10414	False	0.8395800000000001	0.86392	0.90622	0.6548400000000001	[64]	16	8	5e-05	400	0.0	0.3	0.3	4.0	0.5	0.0	leaky_relu	0.2	False	False
192	4.29962	False	0.8934	0.88554	0.91616	0.71112	[32]	16	8	0.001	200	0.01	0.5	0.4	1.0	0.5	0.0001	relu	0.2	False	True
193	3.68844	False	0.73804	0.7756399999999999	0.8528	0.58392	[32]	16	32	5e-05	300	0.0	0.5	0.05	0.5	0.25	0.0	relu	0.05	False	False
194	4.400719999999999	False	0.89986	0.901	0.9282199999999999	0.77178	[128, 64]	64	64	0.0005	200	0.02	0.5	0.4	4.0	1.0	0.001	relu	0.2	True	False
195	4.108320000000001	False	0.85078	0.86266	0.8996999999999999	0.6444	[64]	8	32	0.0001	300	0.02	0.4	0.4	6.0	0.5	1e-05	leaky_relu	0.0	False	False
196	3.8872799999999996	False	0.78012	0.8201	0.8808400000000001	0.6261000000000001	[64]	64	16	5e-05	400	0.0	0.4	0.05	2.0	2.0	0.0	leaky_relu	0.1	False	False
197	4.05826	False	0.79792	0.82028	0.8715400000000001	0.7706	[256, 128, 64]	128	64	5e-05	500	0.0	0.3	0.2	2.0	1.0	0.0	relu	0.2	True	False
198	4.029680000000001	False	0.85138	0.89	0.9321000000000002	0.5048199999999999	[256, 256]	8	32	0.0002	300	0.1	0.3	0.4	0.5	1.0	0.0001	silu	0.0	False	True
199	4.24028	False	0.8661999999999999	0.8989800000000001	0.9434999999999999	0.6654	[256, 128]	8	32	0.001	200	0.02	0.3	0.4	1.0	0.5	0.0001	silu	0.2	False	True
200	3.8578400000000004	False	0.8310400000000001	0.8747	0.9315	0.38955999999999996	[256, 128]	64	64	0.001	300	0.02	0.4	0.05	6.0	2.0	0.0001	gelu	0.05	True	True
